{
  "input": "C:\\UE\\T66\\Model Generation\\Runs\\Environment\\DungeonKit01\\Raw\\Trellis\\DungeonFloor_BonesDrain_A_S1337_D80000_Trellis2.glb",
  "render": "C:\\UE\\T66\\Model Generation\\Runs\\Environment\\DungeonKit01\\Renders\\normalized\\DungeonFloor_BonesDrain_A_RetopoPreview.png",
  "export": "C:\\UE\\T66\\Model Generation\\Runs\\Environment\\DungeonKit01\\Retopo\\DungeonFloor_BonesDrain_A_S1337_Retopo6000.glb",
  "raw_triangles": 74540,
  "triangles_before_decimate": 74540,
  "triangles_after_decimate": 6000,
  "bounds": {
    "min": [
      -0.5055441856384277,
      -0.490656316280365,
      -0.019297543913125992
    ],
    "max": [
      0.49930572509765625,
      0.4959913492202759,
      0.030906323343515396
    ],
    "size": [
      1.004849910736084,
      0.9866476655006409,
      0.05020386725664139
    ]
  }
}