{
  "input": "C:\\UE\\T66\\Model Generation\\Runs\\Environment\\DungeonKit01\\Raw\\Trellis\\DungeonWall_Doorway_Arch_S1337_D80000_Trellis2.glb",
  "render": "C:\\UE\\T66\\Model Generation\\Runs\\Environment\\DungeonKit01\\Renders\\normalized\\DungeonWall_Doorway_Arch_RetopoPreview.png",
  "export": "C:\\UE\\T66\\Model Generation\\Runs\\Environment\\DungeonKit01\\Retopo\\DungeonWall_Doorway_Arch_S1337_Retopo16000.glb",
  "raw_triangles": 79190,
  "triangles_before_decimate": 79190,
  "triangles_after_decimate": 16000,
  "bounds": {
    "min": [
      -0.22899529337882996,
      -0.500191330909729,
      -0.2126147598028183
    ],
    "max": [
      0.22711502015590668,
      0.5047851204872131,
      0.21309033036231995
    ],
    "size": [
      0.45611029863357544,
      1.004976511001587,
      0.42570507526397705
    ]
  }
}