{
  "input": "C:\\UE\\T66\\Model Generation\\Runs\\Environment\\DungeonKit01\\Raw\\TrellisAlpha\\DungeonWall_Doorway_Arch_Alpha_S1337_D80000_Trellis2.glb",
  "render": "C:\\UE\\T66\\Model Generation\\Runs\\Environment\\DungeonKit01\\Renders\\normalized\\DungeonWall_Doorway_Arch_Alpha_S1337_Retopo16000.png",
  "export": "C:\\UE\\T66\\Model Generation\\Runs\\Environment\\DungeonKit01\\Retopo\\DungeonWall_Doorway_Arch_Alpha_S1337_Retopo16000.glb",
  "raw_triangles": 76497,
  "triangles_before_decimate": 76497,
  "triangles_after_decimate": 16000,
  "bounds": {
    "min": [
      -0.08047939091920853,
      -0.5013841390609741,
      -0.34095776081085205
    ],
    "max": [
      0.07966554164886475,
      0.5006452798843384,
      0.33874544501304626
    ],
    "size": [
      0.16014492511749268,
      1.0020294189453125,
      0.6797032356262207
    ]
  }
}